{
  "-6.0": [
    3951,
    3436,
    1.1498835855646101
  ],
  "-5.9": [
    4131,
    3380,
    1.222189349112426
  ],
  "-5.8": [
    3987,
    3426,
    1.1637478108581436
  ],
  "-5.7": [
    4158,
    3357,
    1.2386058981233243
  ],
  "-5.6": [
    4054,
    3308,
    1.2255139056831923
  ],
  "-5.5": [
    4234,
    3390,
    1.2489675516224188
  ],
  "-5.4": [
    4239,
    3313,
    1.27950498038032
  ],
  "-5.3": [
    4095,
    3404,
    1.2029964747356052
  ],
  "-5.2": [
    4213,
    3392,
    1.2420400943396226
  ],
  "-5.1": [
    4198,
    3351,
    1.2527603700387944
  ],
  "-5.0": [
    4370,
    3430,
    1.2740524781341107
  ],
  "-4.9": [
    4163,
    3405,
    1.2226138032305434
  ],
  "-4.8": [
    4339,
    3367,
    1.2886842886842886
  ],
  "-4.7": [
    4212,
    3333,
    1.2637263726372636
  ],
  "-4.6": [
    4236,
    3443,
    1.2303223932616905
  ],
  "-4.5": [
    4355,
    3350,
    1.3
  ],
  "-4.4": [
    4219,
    3426,
    1.2314652656158787
  ],
  "-4.3": [
    4259,
    3414,
    1.247510251903925
  ],
  "-4.2": [
    4308,
    3357,
    1.2832886505808758
  ],
  "-4.1": [
    4459,
    3373,
    1.3219685739697598
  ],
  "-4.0": [
    4412,
    3304,
    1.3353510895883778
  ],
  "-3.9": [
    4353,
    3390,
    1.284070796460177
  ],
  "-3.8": [
    4448,
    3311,
    1.3434007852612504
  ],
  "-3.7": [
    4404,
    3437,
    1.2813500145475705
  ],
  "-3.6": [
    4403,
    3413,
    1.2900673893934955
  ],
  "-3.5": [
    4394,
    3408,
    1.289319248826291
  ],
  "-3.4": [
    4381,
    3366,
    1.3015448603683897
  ],
  "-3.3": [
    4425,
    3431,
    1.2897114543864763
  ],
  "-3.2": [
    4516,
    3383,
    1.3349098433343187
  ],
  "-3.1": [
    4492,
    3362,
    1.3361094586555622
  ],
  "-3.0": [
    4431,
    3477,
    1.2743744607420189
  ],
  "-2.9": [
    4491,
    3354,
    1.3389982110912344
  ],
  "-2.8": [
    4636,
    3409,
    1.3599295981226167
  ],
  "-2.7": [
    4570,
    3423,
    1.3350861817119486
  ],
  "-2.6": [
    4587,
    3310,
    1.3858006042296072
  ],
  "-2.5": [
    4484,
    3365,
    1.3325408618127785
  ],
  "-2.4": [
    4565,
    3345,
    1.3647234678624813
  ],
  "-2.3": [
    4524,
    3297,
    1.3721565059144678
  ],
  "-2.2": [
    4450,
    3392,
    1.3119103773584906
  ],
  "-2.1": [
    4745,
    3387,
    1.4009447888987305
  ],
  "-2.0": [
    4630,
    3351,
    1.3816771113100568
  ],
  "-1.9000000000000004": [
    4540,
    3426,
    1.3251605370694688
  ],
  "-1.7999999999999998": [
    4599,
    3413,
    1.347494872546147
  ],
  "-1.7000000000000002": [
    4494,
    3437,
    1.3075356415478616
  ],
  "-1.5999999999999996": [
    4688,
    3410,
    1.3747800586510264
  ],
  "-1.5": [
    4599,
    3462,
    1.32842287694974
  ],
  "-1.4000000000000004": [
    4510,
    3514,
    1.2834376778599885
  ],
  "-1.2999999999999998": [
    4484,
    3501,
    1.2807769208797486
  ],
  "-1.2000000000000002": [
    4679,
    3406,
    1.3737522019964767
  ],
  "-1.0999999999999996": [
    4710,
    3330,
    1.4144144144144144
  ],
  "-1.0": [
    4728,
    3416,
    1.3840749414519906
  ],
  "-0.9000000000000004": [
    4552,
    3401,
    1.338429873566598
  ],
  "-0.7999999999999998": [
    4551,
    3468,
    1.3122837370242215
  ],
  "-0.7000000000000002": [
    4412,
    3449,
    1.2792113656132211
  ],
  "-0.5999999999999996": [
    4586,
    3428,
    1.337806301050175
  ],
  "-0.5": [
    4592,
    3417,
    1.3438688908399181
  ],
  "-0.40000000000000036": [
    4587,
    3385,
    1.355096011816839
  ],
  "-0.2999999999999998": [
    4471,
    3447,
    1.2970699158688714
  ],
  "-0.20000000000000018": [
    4503,
    3434,
    1.3112987769365172
  ],
  "-0.09999999999999964": [
    4446,
    3510,
    1.2666666666666666
  ],
  "0.0": [
    4532,
    3467,
    1.3071820017306028
  ],
  "0.09999999999999964": [
    4439,
    3691,
    1.2026551070170686
  ],
  "0.20000000000000018": [
    4220,
    3750,
    1.1253333333333333
  ],
  "0.2999999999999998": [
    4274,
    3713,
    1.1510907621869109
  ],
  "0.40000000000000036": [
    4372,
    3735,
    1.1705488621151272
  ],
  "0.5": [
    4229,
    3742,
    1.130144307856761
  ],
  "0.5999999999999996": [
    3962,
    3882,
    1.020607934054611
  ],
  "0.7000000000000002": [
    4173,
    3659,
    1.140475539764963
  ],
  "0.7999999999999998": [
    4168,
    3804,
    1.0956887486855942
  ],
  "0.9000000000000004": [
    4012,
    3819,
    1.0505367897355329
  ],
  "1.0": [
    3925,
    3766,
    1.042219861922464
  ],
  "1.0999999999999996": [
    4044,
    3821,
    1.0583616854226643
  ],
  "1.2000000000000002": [
    4021,
    3790,
    1.0609498680738787
  ],
  "1.2999999999999998": [
    4091,
    3695,
    1.107171853856563
  ],
  "1.4000000000000004": [
    4081,
    3831,
    1.0652571130253197
  ],
  "1.5": [
    4054,
    3732,
    1.0862808145766345
  ],
  "1.5999999999999996": [
    4041,
    3736,
    1.0816381156316917
  ],
  "1.7000000000000002": [
    3958,
    3863,
    1.0245922857882475
  ],
  "1.7999999999999998": [
    3872,
    3864,
    1.0020703933747412
  ],
  "1.9000000000000004": [
    3812,
    3892,
    0.9794450154162384
  ],
  "2.0": [
    4048,
    3779,
    1.0711828526065097
  ],
  "2.0999999999999996": [
    3967,
    3833,
    1.0349595617010174
  ],
  "2.1999999999999993": [
    3899,
    3863,
    1.0093191819829148
  ],
  "2.3000000000000007": [
    3825,
    3805,
    1.0052562417871223
  ],
  "2.4000000000000004": [
    3892,
    3843,
    1.0127504553734061
  ],
  "2.5": [
    3862,
    3903,
    0.9894952600563669
  ],
  "2.5999999999999996": [
    3864,
    3859,
    1.0012956724540036
  ],
  "2.6999999999999993": [
    3815,
    3906,
    0.9767025089605734
  ],
  "2.8000000000000007": [
    3770,
    3953,
    0.9537060460409815
  ],
  "2.9000000000000004": [
    3771,
    3952,
    0.9542004048582996
  ],
  "3.0": [
    3691,
    3992,
    0.9245991983967936
  ],
  "3.0999999999999996": [
    3583,
    4033,
    0.8884205306223655
  ],
  "3.1999999999999993": [
    3631,
    3984,
    0.9113955823293173
  ],
  "3.3000000000000007": [
    3548,
    4006,
    0.8856714927608587
  ],
  "3.4000000000000004": [
    3527,
    4103,
    0.859614915915184
  ],
  "3.5": [
    3528,
    4148,
    0.8505303760848602
  ],
  "3.5999999999999996": [
    3650,
    3944,
    0.9254563894523327
  ],
  "3.6999999999999993": [
    3397,
    4095,
    0.8295482295482296
  ],
  "3.8000000000000007": [
    3461,
    4076,
    0.849116781157998
  ],
  "3.9000000000000004": [
    3280,
    4200,
    0.780952380952381
  ],
  "4.0": [
    3325,
    4203,
    0.7911015940994528
  ]
}