{
  "-1.0": [
    5662,
    8757,
    0.6465684595180998
  ],
  "-0.96": [
    5530,
    8679,
    0.6371701808964166
  ],
  "-0.92": [
    5848,
    8684,
    0.6734223859972363
  ],
  "-0.88": [
    5735,
    8576,
    0.6687266791044776
  ],
  "-0.84": [
    5976,
    8680,
    0.688479262672811
  ],
  "-0.8": [
    6242,
    8507,
    0.7337486775596568
  ],
  "-0.76": [
    6237,
    8542,
    0.7301568719269492
  ],
  "-0.72": [
    6311,
    8526,
    0.7402064273985456
  ],
  "-0.6799999999999999": [
    6569,
    8575,
    0.766064139941691
  ],
  "-0.64": [
    6706,
    8553,
    0.7840523792821232
  ],
  "-0.6": [
    6761,
    8469,
    0.7983232967292478
  ],
  "-0.56": [
    6806,
    8473,
    0.8032574058774932
  ],
  "-0.52": [
    7048,
    8354,
    0.8436677040938473
  ],
  "-0.48": [
    7623,
    8328,
    0.9153458213256485
  ],
  "-0.43999999999999995": [
    7585,
    8373,
    0.9058879732473426
  ],
  "-0.4": [
    8007,
    8184,
    0.9783724340175953
  ],
  "-0.36": [
    8350,
    8382,
    0.9961822953948938
  ],
  "-0.31999999999999995": [
    8641,
    8275,
    1.0442296072507553
  ],
  "-0.28": [
    9180,
    8067,
    1.137969505392339
  ],
  "-0.24": [
    9814,
    8029,
    1.2223190932868353
  ],
  "-0.19999999999999996": [
    10212,
    8119,
    1.2577903682719547
  ],
  "-0.16000000000000003": [
    10516,
    8028,
    1.3099152964623817
  ],
  "-0.12": [
    10695,
    8143,
    1.3133980105612182
  ],
  "-0.07999999999999996": [
    10855,
    8165,
    1.329454990814452
  ],
  "-0.040000000000000036": [
    11055,
    8227,
    1.3437462015315425
  ],
  "0.0": [
    10645,
    8477,
    1.2557508552553969
  ],
  "0.040000000000000036": [
    9930,
    8951,
    1.109373254384985
  ],
  "0.08000000000000007": [
    9537,
    9319,
    1.023393067925743
  ],
  "0.1200000000000001": [
    8935,
    9473,
    0.943207009395123
  ],
  "0.15999999999999992": [
    8129,
    9960,
    0.8161646586345381
  ],
  "0.19999999999999996": [
    7123,
    10543,
    0.6756141515697619
  ],
  "0.24": [
    6608,
    11027,
    0.5992563707263988
  ],
  "0.28": [
    5926,
    11518,
    0.5144990449730856
  ],
  "0.32000000000000006": [
    5610,
    11755,
    0.47724372607401105
  ],
  "0.3600000000000001": [
    5103,
    12080,
    0.42243377483443706
  ],
  "0.3999999999999999": [
    4905,
    12249,
    0.4004408523144746
  ],
  "0.43999999999999995": [
    4579,
    12274,
    0.37306501547987614
  ],
  "0.48": [
    4093,
    12519,
    0.3269430465692148
  ],
  "0.52": [
    3993,
    12662,
    0.31535302479861
  ],
  "0.56": [
    3673,
    12733,
    0.2884630487709102
  ],
  "0.6000000000000001": [
    3560,
    12838,
    0.277301760398816
  ],
  "0.6399999999999999": [
    3500,
    12887,
    0.27159152634437805
  ],
  "0.6799999999999999": [
    3330,
    12902,
    0.25809951945434817
  ],
  "0.72": [
    3178,
    13163,
    0.2414343234824888
  ],
  "0.76": [
    3036,
    13030,
    0.23300076745970835
  ],
  "0.8": [
    3039,
    13107,
    0.23186083772030214
  ],
  "0.8400000000000001": [
    2967,
    13218,
    0.22446663640490241
  ],
  "0.8799999999999999": [
    2669,
    13338,
    0.200104963262858
  ],
  "0.9199999999999999": [
    2680,
    13217,
    0.20276916092910646
  ],
  "0.96": [
    2736,
    13321,
    0.20538998573680656
  ],
  "1.0": [
    2539,
    13297,
    0.19094532601338648
  ]
}